,BRAND,CATEGORY,DOLS
0,advil,ANALGESICS,138584384.0
1,aleve,ANALGESICS,107795707.0
2,alliviax,ANALGESICS,9327.0
3,analgen,ANALGESICS,256.0
4,arnicare,ANALGESICS,327389.0
5,asteeza,ANALGESICS,28418.0
6,ausanil,ANALGESICS,4035.0
7,azo,ANALGESICS,552227.0
8,bc,ANALGESICS,2525607.0
9,biofreeze,ANALGESICS,44695.0
10,bufferin,ANALGESICS,
11,buscapina,ANALGESICS,5635.0
12,calmadol,ANALGESICS,16906.0
13,diurex,ANALGESICS,
14,equate,ANALGESICS,99585.0
15,excedrin,ANALGESICS,96006.0
16,fibromyalgia,ANALGESICS,4386.0
17,flanax,ANALGESICS,274271.0
18,glycomarine,ANALGESICS,1168.0
19,goodys,ANALGESICS,752741.0
20,hangover,ANALGESICS,368439.0
21,kyutec,ANALGESICS,124.0
22,livia,ANALGESICS,
23,migrastil,ANALGESICS,
24,migrelief,ANALGESICS,
25,motrin,ANALGESICS,1464269.0
26,naproxen,ANALGESICS,13251.0
27,noxicare,ANALGESICS,11119.0
28,pamprin,ANALGESICS,269493.0
29,pediacare,ANALGESICS,27586.0
30,persen,ANALGESICS,
31,salonpas,ANALGESICS,14420.0
32,stopain,ANALGESICS,44005.0
33,synodrin,ANALGESICS,110665.0
34,tylenol,ANALGESICS,108497.0
35,vanquish,ANALGESICS,537896.0
36,venaton,ANALGESICS,18261.0
37,alfamino,BABY_FOODS,18682.0
38,enfagrow,BABY_FOODS,1385389.0
39,enfamil,BABY_FOODS,153870.0
40,gerber,BABY_FOODS,22499944.0
41,kabrita,BABY_FOODS,7301.0
42,neocate,BABY_FOODS,70395.0
43,nurturme,BABY_FOODS,4933.0
44,similac,BABY_FOODS,203115.0
45,sprout,BABY_FOODS,116645.0
46,adidas,BASEBALL_EQUIPMENT,891.0
47,axe,BASEBALL_EQUIPMENT,98289.0
48,blast,BASEBALL_EQUIPMENT,104743.0
49,demarini,BASEBALL_EQUIPMENT,2056.0
50,diamond,BASEBALL_EQUIPMENT,0.0
51,easton,BASEBALL_EQUIPMENT,218.0
52,franklin,BASEBALL_EQUIPMENT,187861.0
53,gloveworks,BASEBALL_EQUIPMENT,0.0
54,maxbp,BASEBALL_EQUIPMENT,54.0
55,miken,BASEBALL_EQUIPMENT,0.0
56,prorollers,BASEBALL_EQUIPMENT,
57,rawlings,BASEBALL_EQUIPMENT,
58,ssk,BASEBALL_EQUIPMENT,303.0
59,wilson,BASEBALL_EQUIPMENT,2971.0
60,worth,BASEBALL_EQUIPMENT,0.0
61,acura,CARS_TRUCKS,45438413.0
62,audi,CARS_TRUCKS,43254206.0
63,bentley,CARS_TRUCKS,1545639.0
64,bmw,CARS_TRUCKS,39981525.0
65,buick,CARS_TRUCKS,23155217.0
66,cadillac,CARS_TRUCKS,65802440.0
67,chevrolet,CARS_TRUCKS,231297562.0
68,chrysler,CARS_TRUCKS,6004111.0
69,citroen,CARS_TRUCKS,
70,dacia,CARS_TRUCKS,
71,datsun,CARS_TRUCKS,
72,dodge,CARS_TRUCKS,33424518.0
73,ferrari,CARS_TRUCKS,30587.0
74,fiat,CARS_TRUCKS,3234145.0
75,ford,CARS_TRUCKS,348912563.0
76,genesis,CARS_TRUCKS,38949978.0
77,holden,CARS_TRUCKS,
78,honda,CARS_TRUCKS,29440056.0
79,hyundai,CARS_TRUCKS,45727948.0
80,infiniti,CARS_TRUCKS,17205116.0
81,jaguar,CARS_TRUCKS,7360651.0
82,kia,CARS_TRUCKS,10687965.0
83,lexus,CARS_TRUCKS,70757450.0
84,lincoln,CARS_TRUCKS,10263062.0
85,maserati,CARS_TRUCKS,2345118.0
86,mazda,CARS_TRUCKS,71255598.0
87,mini,CARS_TRUCKS,7848011.0
88,mitsubishi,CARS_TRUCKS,441877.0
89,nissan,CARS_TRUCKS,207086084.0
90,pagani,CARS_TRUCKS,157880.0
91,peugeot,CARS_TRUCKS,8404.0
92,porsche,CARS_TRUCKS,2188360.0
93,renault,CARS_TRUCKS,4426.0
94,scion,CARS_TRUCKS,60235.0
95,smart,CARS_TRUCKS,2208807.0
96,subaru,CARS_TRUCKS,209532341.0
97,suzuki,CARS_TRUCKS,422.0
98,tesla,CARS_TRUCKS,889.0
99,toyota,CARS_TRUCKS,93958963.0
100,vauxhall,CARS_TRUCKS,
101,volkswagen,CARS_TRUCKS,13523420.0
102,volvo,CARS_TRUCKS,2159686.0
103,aerin,COSMETICS,108.0
104,allure,COSMETICS,4235.0
105,almay,COSMETICS,97461.0
106,alzeyna,COSMETICS,508.0
107,ambi,COSMETICS,2001.0
108,anytime,COSMETICS,3857.0
109,arbonne,COSMETICS,2030.0
110,aritaum,COSMETICS,546.0
111,arrow,COSMETICS,
112,artistry,COSMETICS,456.0
113,aveda,COSMETICS,62301.0
114,aveeno,COSMETICS,21993.0
115,avon,COSMETICS,4659620.0
116,bareminerals,COSMETICS,762758.0
117,beaucream,COSMETICS,832.0
118,beautyducts,COSMETICS,2.0
119,benefit,COSMETICS,40578.0
120,bezmyne,COSMETICS,3954.0
121,biancey,COSMETICS,3157.0
122,biotherm,COSMETICS,
123,bodyography,COSMETICS,124601.0
124,botanics,COSMETICS,20363.0
125,brivmay,COSMETICS,141.0
126,burberry,COSMETICS,59000.0
127,buxom,COSMETICS,687.0
128,cargo,COSMETICS,40912.0
129,caroia,COSMETICS,16138.0
130,catrice,COSMETICS,
131,chanel,COSMETICS,161219.0
132,cilsfrance,COSMETICS,6752.0
133,clarins,COSMETICS,1114205.0
134,clinique,COSMETICS,1357352.0
135,clio,COSMETICS,
136,colorescience,COSMETICS,1216.0
137,colourpop,COSMETICS,107.0
138,coty,COSMETICS,47350.0
139,darieu,COSMETICS,28145.0
140,dax,COSMETICS,319.0
141,dekliderm,COSMETICS,11717.0
142,dermablend,COSMETICS,9510.0
143,dermalox,COSMETICS,90.0
144,dinair,COSMETICS,705.0
145,dior,COSMETICS,816381.0
146,dove,COSMETICS,108946.0
147,ecotools,COSMETICS,26509.0
148,elf,COSMETICS,123698.0
149,espa,COSMETICS,810.0
150,essence,COSMETICS,6363.0
151,essie,COSMETICS,1654.0
152,flirt,COSMETICS,
153,foreo,COSMETICS,10841.0
154,fortunaye,COSMETICS,885.0
155,fullips,COSMETICS,29698.0
156,glamalor,COSMETICS,
157,glamglow,COSMETICS,
158,gucci,COSMETICS,1022.0
159,guerlain,COSMETICS,275980.0
160,healthbeauto,COSMETICS,616.0
161,ifirmation,COSMETICS,9087.0
162,jafra,COSMETICS,4824.0
163,jane,COSMETICS,170.0
164,jergens,COSMETICS,65701.0
165,julep,COSMETICS,1758.0
166,kiss,COSMETICS,14766.0
167,korres,COSMETICS,197.0
168,lancome,COSMETICS,660261.0
169,lorac,COSMETICS,1648192.0
170,lotus,COSMETICS,
171,lubriderm,COSMETICS,36738.0
172,lush,COSMETICS,106.0
173,lyrei,COSMETICS,1972.0
174,mac,COSMETICS,15041.0
175,manhattan,COSMETICS,
176,mark,COSMETICS,352.0
177,milani,COSMETICS,34729.0
178,monteil,COSMETICS,4191.0
179,mychelle,COSMETICS,
180,nars,COSMETICS,1597.0
181,natura,COSMETICS,2488.0
182,neova,COSMETICS,65.0
183,neutrogena,COSMETICS,633859.0
184,nexacell,COSMETICS,48.0
185,note,COSMETICS,216.0
186,novalash,COSMETICS,184360.0
187,nyx,COSMETICS,24149.0
188,ofra,COSMETICS,1253.0
189,olay,COSMETICS,2304438.0
190,omorovicza,COSMETICS,106.0
191,oribe,COSMETICS,9001.0
192,origins,COSMETICS,6824.0
193,orlane,COSMETICS,1884.0
194,physicians,COSMETICS,23534.0
195,plumderma,COSMETICS,18467.0
196,prescriptives,COSMETICS,575.0
197,proskin,COSMETICS,8346.0
198,renaissance,COSMETICS,5534.0
199,repechage,COSMETICS,7501.0
200,revlon,COSMETICS,7005277.0
201,rimmel,COSMETICS,29041.0
202,sarantis,COSMETICS,11767.0
203,shiseido,COSMETICS,687890.0
204,sidasta,COSMETICS,3633.0
205,skinnight,COSMETICS,2295.0
206,smashbox,COSMETICS,278689.0
207,stila,COSMETICS,
208,stowaway,COSMETICS,16768.0
209,taras,COSMETICS,88339.0
210,tarte,COSMETICS,4632.0
211,trestique,COSMETICS,
212,tribetats,COSMETICS,107.0
213,tritats,COSMETICS,1123.0
214,trydermavie,COSMETICS,310095.0
215,tweezerman,COSMETICS,67830.0
216,tyra,COSMETICS,354313.0
217,ulta,COSMETICS,1971054.0
218,unilever,COSMETICS,17558.0
219,vichy,COSMETICS,
220,xxv,COSMETICS,3343.0
221,yourbeautyderm,COSMETICS,15138.0
222,yuni,COSMETICS,812.0
223,zenjenskin,COSMETICS,1775.0
224,aarp,FINANCIAL_SERVICES,28462.0
225,amazon,FINANCIAL_SERVICES,15650.0
226,artoken,FINANCIAL_SERVICES,876.0
227,bankrate,FINANCIAL_SERVICES,9988.0
228,bitconcept,FINANCIAL_SERVICES,3639.0
229,bitcosmos,FINANCIAL_SERVICES,987.0
230,bitquick,FINANCIAL_SERVICES,
231,bitstrades,FINANCIAL_SERVICES,3248.0
232,bittank,FINANCIAL_SERVICES,576.0
233,boscoin,FINANCIAL_SERVICES,
234,brickblock,FINANCIAL_SERVICES,4104.0
235,coinmama,FINANCIAL_SERVICES,
236,compcoin,FINANCIAL_SERVICES,6858.0
237,crypterium,FINANCIAL_SERVICES,
238,currencyliquidator,FINANCIAL_SERVICES,
239,ecocoins,FINANCIAL_SERVICES,
240,eroscoin,FINANCIAL_SERVICES,
241,evr,FINANCIAL_SERVICES,
242,finney,FINANCIAL_SERVICES,9172.0
243,fortrade,FINANCIAL_SERVICES,32391.0
244,goldmint,FINANCIAL_SERVICES,128.0
245,herocoin,FINANCIAL_SERVICES,932.0
246,kencoin,FINANCIAL_SERVICES,2659.0
247,kexcoin,FINANCIAL_SERVICES,264.0
248,kin,FINANCIAL_SERVICES,531.0
249,kitcoin,FINANCIAL_SERVICES,366600.0
250,maincoin,FINANCIAL_SERVICES,
251,megamine,FINANCIAL_SERVICES,837.0
252,meridian,FINANCIAL_SERVICES,
253,mtfx,FINANCIAL_SERVICES,1356.0
254,nametoken,FINANCIAL_SERVICES,31923.0
255,ofx,FINANCIAL_SERVICES,702135.0
256,paycent,FINANCIAL_SERVICES,923.0
257,paysafe,FINANCIAL_SERVICES,11139.0
258,pendo,FINANCIAL_SERVICES,22489.0
259,proequities,FINANCIAL_SERVICES,15038.0
260,proof,FINANCIAL_SERVICES,588.0
261,qvolta,FINANCIAL_SERVICES,
262,recoin,FINANCIAL_SERVICES,
263,rollmycoin,FINANCIAL_SERVICES,
264,skincoin,FINANCIAL_SERVICES,
265,smartmoney,FINANCIAL_SERVICES,
266,sprig,FINANCIAL_SERVICES,10238.0
267,tokendesk,FINANCIAL_SERVICES,348.0
268,tokenstars,FINANCIAL_SERVICES,198.0
269,usforex,FINANCIAL_SERVICES,9531.0
270,adrenaline,BBQ,15409.0
271,denmark,BBQ,9995.0
272,kalamazoo,BBQ,3545.0
273,kingsford,BBQ,1292764.0
274,texas,BBQ,
275,weber,BBQ,25831.0
276,agebeautiful,HAIR_PRODUCTS,2747039.0
277,alfaparf,HAIR_PRODUCTS,74509.0
278,aveda,HAIR_PRODUCTS,18002.0
279,avena,HAIR_PRODUCTS,7501.0
280,bigen,HAIR_PRODUCTS,2242163.0
281,chromasilk,HAIR_PRODUCTS,74478.0
282,clairol,HAIR_PRODUCTS,63125.0
283,colordesign,HAIR_PRODUCTS,48006.0
284,colorphlex,HAIR_PRODUCTS,93689.0
285,colorproof,HAIR_PRODUCTS,132694.0
286,colorsmash,HAIR_PRODUCTS,17681.0
287,colortrak,HAIR_PRODUCTS,61603.0
288,deciem,HAIR_PRODUCTS,193.0
289,dphue,HAIR_PRODUCTS,45966.0
290,esalon,HAIR_PRODUCTS,274116.0
291,hoyu,HAIR_PRODUCTS,18002.0
292,inoa,HAIR_PRODUCTS,
293,jonathan,HAIR_PRODUCTS,2958.0
294,keune,HAIR_PRODUCTS,68747.0
295,koleston,HAIR_PRODUCTS,5123.0
296,lakme,HAIR_PRODUCTS,36004.0
297,lanza,HAIR_PRODUCTS,27003.0
298,leland,HAIR_PRODUCTS,10236.0
299,matrix,HAIR_PRODUCTS,35004.0
300,naturtint,HAIR_PRODUCTS,10941315.0
301,oway,HAIR_PRODUCTS,123580.0
302,paintglow,HAIR_PRODUCTS,
303,pureology,HAIR_PRODUCTS,184829.0
304,redken,HAIR_PRODUCTS,73732.0
305,reparex,HAIR_PRODUCTS,
306,satin,HAIR_PRODUCTS,5085392.0
307,schwarzkopf,HAIR_PRODUCTS,21115.0
308,scruples,HAIR_PRODUCTS,59186.0
309,splat,HAIR_PRODUCTS,2336995.0
310,tca,HAIR_PRODUCTS,29469.0
311,tigi,HAIR_PRODUCTS,28077.0
312,tressa,HAIR_PRODUCTS,56578.0
313,wella,HAIR_PRODUCTS,70082.0
314,abellan,JEWELRY,176715.0
315,adora,JEWELRY,
316,alamea,JEWELRY,14479.0
317,albertos,JEWELRY,628620.0
318,alishan,JEWELRY,8545.0
319,alor,JEWELRY,59644.0
320,always,JEWELRY,73495.0
321,amden,JEWELRY,30742.0
322,amgad,JEWELRY,322650.0
323,angelica,JEWELRY,32623.0
324,anjolee,JEWELRY,743.0
325,annoushka,JEWELRY,283.0
326,antonini,JEWELRY,40980.0
327,armenta,JEWELRY,18447.0
328,arpas,JEWELRY,26419.0
329,artcarved,JEWELRY,64023.0
330,artemest,JEWELRY,24949.0
331,artistry,JEWELRY,82368.0
332,asher,JEWELRY,28394.0
333,ashk,JEWELRY,
334,asprey,JEWELRY,155250.0
335,assael,JEWELRY,427235.0
336,astoria,JEWELRY,
337,attos,JEWELRY,450.0
338,australian,JEWELRY,2539.0
339,baccarat,JEWELRY,15876.0
340,baggins,JEWELRY,5641.0
341,balenciaga,JEWELRY,813648.0
342,bamboo,JEWELRY,16383.0
343,barsky,JEWELRY,33997.0
344,bayco,JEWELRY,54050.0
345,becoming,JEWELRY,721.0
346,belfiore,JEWELRY,9309.0
347,bellarri,JEWELRY,11940.0
348,benchmark,JEWELRY,45915.0
349,bijan,JEWELRY,242416.0
350,bioring,JEWELRY,2917.0
351,blvckout,JEWELRY,915.0
352,boma,JEWELRY,14951.0
353,brayce,JEWELRY,267.0
354,breguet,JEWELRY,162160.0
355,brighton,JEWELRY,5830.0
356,brosway,JEWELRY,5000.0
357,buccellati,JEWELRY,18780.0
358,bulgari,JEWELRY,1870278.0
359,cadar,JEWELRY,890720.0
360,canadamark,JEWELRY,11902.0
361,carelle,JEWELRY,199.0
362,carlex,JEWELRY,413.0
363,carolee,JEWELRY,186.0
364,cartier,JEWELRY,12083449.0
365,catbird,JEWELRY,54396.0
366,celtic,JEWELRY,
367,chamilia,JEWELRY,791303.0
368,chanel,JEWELRY,571852.0
369,charriol,JEWELRY,
370,chopard,JEWELRY,7102659.0
371,christofle,JEWELRY,6821.0
372,chrysalis,JEWELRY,9401.0
373,circa,JEWELRY,4062514.0
374,coach,JEWELRY,
375,colibri,JEWELRY,
376,continental,JEWELRY,17863.0
377,coomi,JEWELRY,694060.0
378,corso,JEWELRY,
379,cosa,JEWELRY,
380,crivelli,JEWELRY,900920.0
381,crownring,JEWELRY,48512.0
382,cruciani,JEWELRY,
383,dabakarov,JEWELRY,131340.0
384,dacarli,JEWELRY,
385,damiani,JEWELRY,14611.0
386,danhov,JEWELRY,5853.0
387,dannijo,JEWELRY,220.0
388,dazzlers,JEWELRY,9401.0
389,devocean,JEWELRY,1575.0
390,diamond,JEWELRY,14861.0
391,dior,JEWELRY,604312.0
392,djula,JEWELRY,977516.0
393,dnea,JEWELRY,3240.0
394,dorfman,JEWELRY,322386.0
395,dtc,JEWELRY,21538.0
396,dualitas,JEWELRY,
397,dutchcollar,JEWELRY,128844.0
398,dway,JEWELRY,1356.0
399,earstuds,JEWELRY,95895.0
400,effy,JEWELRY,206114.0
401,eliko,JEWELRY,5641.0
402,elle,JEWELRY,1022563.0
403,endless,JEWELRY,408323.0
404,enso,JEWELRY,117496.0
405,esquire,JEWELRY,711740.0
406,ettika,JEWELRY,
407,everband,JEWELRY,964.0
408,evocateur,JEWELRY,15232.0
409,faberge,JEWELRY,1586858.0
410,feri,JEWELRY,
411,forevermark,JEWELRY,16438443.0
412,forziani,JEWELRY,1307.0
413,fossil,JEWELRY,238289.0
414,gamiss,JEWELRY,489.0
415,gemfields,JEWELRY,1082383.0
416,gemiana,JEWELRY,3160.0
417,gemio,JEWELRY,1224.0
418,gemvision,JEWELRY,1597.0
419,genesis,JEWELRY,172076.0
420,gia,JEWELRY,141310.0
421,gielo,JEWELRY,220.0
422,givenchy,JEWELRY,774910.0
423,global,JEWELRY,22511.0
424,gm,JEWELRY,3728.0
425,goldman,JEWELRY,26419.0
426,goldstein,JEWELRY,130572.0
427,gothrider,JEWELRY,
428,graff,JEWELRY,2881781.0
429,gucci,JEWELRY,929157.0
430,gurhan,JEWELRY,283658.0
431,happylaulea,JEWELRY,2564.0
432,henne,JEWELRY,10614.0
433,herco,JEWELRY,69101.0
434,hermes,JEWELRY,4150101.0
435,hidalgo,JEWELRY,834.0
436,hinsongayle,JEWELRY,
437,hiraco,JEWELRY,
438,honora,JEWELRY,208401.0
439,hublot,JEWELRY,135016.0
440,imperial,JEWELRY,21341.0
441,induo,JEWELRY,19.0
442,inox,JEWELRY,11001.0
443,ippolita,JEWELRY,5496.0
444,ironman,JEWELRY,
445,isharya,JEWELRY,
446,jennybird,JEWELRY,
447,jeulia,JEWELRY,26688.0
448,jewelex,JEWELRY,45221.0
449,jewelmer,JEWELRY,250038.0
450,joden,JEWELRY,11015.0
451,jostens,JEWELRY,187033.0
452,kameleon,JEWELRY,16923.0
453,kgk,JEWELRY,37604.0
454,khailo,JEWELRY,272.0
455,khom,JEWELRY,
456,kiran,JEWELRY,1341.0
457,kkgi,JEWELRY,4231.0
458,knot,JEWELRY,37604.0
459,kobelli,JEWELRY,
460,kozi,JEWELRY,4561.0
461,krikawa,JEWELRY,
462,kristall,JEWELRY,
463,kwiat,JEWELRY,1277451.0
464,lagos,JEWELRY,446368.0
465,lalique,JEWELRY,3500.0
466,lana,JEWELRY,12000.0
467,lashbrook,JEWELRY,84333.0
468,lavaggi,JEWELRY,3436.0
469,leslie,JEWELRY,21896.0
470,liberty,JEWELRY,2539.0
471,lift,JEWELRY,
472,lili,JEWELRY,32781.0
473,livingstone,JEWELRY,23880.0
474,lokai,JEWELRY,32099.0
475,lotus,JEWELRY,45174.0
476,lunkae,JEWELRY,
477,luvente,JEWELRY,107268.0
478,madani,JEWELRY,1344.0
479,majorica,JEWELRY,300.0
480,mantraband,JEWELRY,12018.0
481,marika,JEWELRY,45221.0
482,marli,JEWELRY,121620.0
483,mastoloni,JEWELRY,298377.0
484,mattioli,JEWELRY,590730.0
485,messika,JEWELRY,1316344.0
486,metalicious,JEWELRY,25921.0
487,miansai,JEWELRY,27581.0
488,michele,JEWELRY,115.0
489,michou,JEWELRY,2539.0
490,midas,JEWELRY,177243.0
491,mikimoto,JEWELRY,5152165.0
492,milano,JEWELRY,523.0
493,mioro,JEWELRY,40143.0
494,misahara,JEWELRY,322090.0
495,mister,JEWELRY,6088.0
496,mokumeganeya,JEWELRY,314.0
497,motif,JEWELRY,28001.0
498,movado,JEWELRY,376794.0
499,murat,JEWELRY,18802.0
500,muzo,JEWELRY,
501,naledi,JEWELRY,693.0
502,nambe,JEWELRY,570.0
503,nelson,JEWELRY,116386.0
504,nest,JEWELRY,471465.0
505,nialaya,JEWELRY,
506,ninacci,JEWELRY,18802.0
507,nomination,JEWELRY,130.0
508,nuvoboho,JEWELRY,18.0
509,omega,JEWELRY,97687.0
510,onecklace,JEWELRY,
511,oressence,JEWELRY,18802.0
512,ovadia,JEWELRY,2539.0
513,pampillonia,JEWELRY,133.0
514,pandora,JEWELRY,61035054.0
515,paragon,JEWELRY,2539.0
516,persona,JEWELRY,1433542.0
517,piaget,JEWELRY,708593.0
518,picchiotti,JEWELRY,529995.0
519,platini,JEWELRY,9401.0
520,platinum,JEWELRY,32497.0
521,pomellato,JEWELRY,
522,preciosa,JEWELRY,2.0
523,pyrrha,JEWELRY,3917.0
524,qalo,JEWELRY,90327.0
525,quid,JEWELRY,
526,rahaminov,JEWELRY,162773.0
527,rajola,JEWELRY,28203.0
528,rdi,JEWELRY,21341.0
529,rebecca,JEWELRY,7700.0
530,relica,JEWELRY,1704.0
531,repossi,JEWELRY,2350733.0
532,ritani,JEWELRY,7694565.0
533,rmc,JEWELRY,5360.0
534,romance,JEWELRY,809.0
535,rommanel,JEWELRY,14736.0
536,rosemarie,JEWELRY,1154.0
537,roxy,JEWELRY,287.0
538,schaffrath,JEWELRY,18802.0
539,sequel,JEWELRY,128.0
540,serinium,JEWELRY,
541,shinola,JEWELRY,3446.0
542,sibilia,JEWELRY,6390.0
543,signity,JEWELRY,2250.0
544,sindbad,JEWELRY,9401.0
545,skagen,JEWELRY,5285.0
546,skydin,JEWELRY,72.0
547,snbt,JEWELRY,206.0
548,soko,JEWELRY,167692.0
549,soleil,JEWELRY,9401.0
550,sollbergers,JEWELRY,155.0
551,solo,JEWELRY,13356.0
552,somers,JEWELRY,80000.0
553,somor,JEWELRY,9401.0
554,sorrelli,JEWELRY,2244.0
555,spark,JEWELRY,790490.0
556,spb,JEWELRY,94010.0
557,speechlust,JEWELRY,695.0
558,stauer,JEWELRY,387214.0
559,storm,JEWELRY,
560,stuller,JEWELRY,726027.0
561,swarovski,JEWELRY,3165925.0
562,swatch,JEWELRY,162395.0
563,sylvie,JEWELRY,671858.0
564,szor,JEWELRY,746.0
565,tacori,JEWELRY,15610182.0
566,taj,JEWELRY,10579.0
567,takat,JEWELRY,229343.0
568,takohl,JEWELRY,161870.0
569,tateossian,JEWELRY,42000.0
570,technaoro,JEWELRY,11940.0
571,teno,JEWELRY,23182.0
572,tenoara,JEWELRY,
573,thorsten,JEWELRY,72867.0
574,tiffany,JEWELRY,21668461.0
575,titanium,JEWELRY,140663.0
576,tous,JEWELRY,1529108.0
577,tribes,JEWELRY,
578,triton,JEWELRY,47195.0
579,tritonraw,JEWELRY,2539.0
580,trollbeads,JEWELRY,28752.0
581,twogether,JEWELRY,5087.0
582,unavelo,JEWELRY,28203.0
583,uneek,JEWELRY,5705.0
584,uni,JEWELRY,6900.0
585,valentino,JEWELRY,320544.0
586,valina,JEWELRY,1069.0
587,vantani,JEWELRY,
588,vendorafa,JEWELRY,120405.0
589,verdura,JEWELRY,1172243.0
590,verragio,JEWELRY,323340.0
591,versace,JEWELRY,2727.0
592,vhernier,JEWELRY,1870751.0
593,vicenza,JEWELRY,18239.0
594,victoria,JEWELRY,4800.0
595,vivaan,JEWELRY,
596,wanderer,JEWELRY,8686.0
597,wellendorff,JEWELRY,4191.0
598,wlc,JEWELRY,9401.0
599,wolf,JEWELRY,4608.0
600,ych,JEWELRY,8462.0
601,yvel,JEWELRY,596520.0
602,zanggarts,JEWELRY,
603,zeeba,JEWELRY,5000.0
604,zeghani,JEWELRY,3080.0
605,zen,JEWELRY,102740.0
606,zenger,JEWELRY,27267.0
607,zenove,JEWELRY,11001.0
608,ziggit,JEWELRY,907.0
609,zorrata,JEWELRY,11584.0
610,zydo,JEWELRY,3082.0
611,axe,MEN_HAIRCARE,480765.0
612,clash,MEN_HAIRCARE,9001.0
613,cremo,MEN_HAIRCARE,34817.0
614,fish,MEN_HAIRCARE,11767.0
615,fisticuffs,MEN_HAIRCARE,179.0
616,hilee,MEN_HAIRCARE,205.0
617,jax,MEN_HAIRCARE,6672.0
618,kiehls,MEN_HAIRCARE,7397.0
619,murrays,MEN_HAIRCARE,6512.0
620,rogaine,MEN_HAIRCARE,9489.0
621,contenders,MEN_UNDERWEAR,270.0
622,dailyjocks,MEN_UNDERWEAR,3222.0
623,diesel,MEN_UNDERWEAR,36170.0
624,eroix,MEN_UNDERWEAR,
625,frigo,MEN_UNDERWEAR,5314515.0
626,guess,MEN_UNDERWEAR,475640.0
627,hanes,MEN_UNDERWEAR,884669.0
628,jockey,MEN_UNDERWEAR,5925223.0
629,mypakage,MEN_UNDERWEAR,2894.0
630,pump,MEN_UNDERWEAR,73.0
631,saxx,MEN_UNDERWEAR,60151.0
632,sheath,MEN_UNDERWEAR,6254.0
633,spanx,MEN_UNDERWEAR,123.0
634,stance,MEN_UNDERWEAR,4614.0
635,tani,MEN_UNDERWEAR,8712.0
636,ufm,MEN_UNDERWEAR,481.0
637,wolsey,MEN_UNDERWEAR,
638,aeroprecision,MILITARY,23507.0
639,airbus,MILITARY,45911.0
640,austal,MILITARY,9660.0
641,barracuda,MILITARY,1481.0
642,barrett,MILITARY,1653.0
643,battelle,MILITARY,1351.0
644,boecore,MILITARY,1098.0
645,boeing,MILITARY,231074.0
646,cobham,MILITARY,1227.0
647,dsei,MILITARY,
648,embraer,MILITARY,8931.0
649,esw,MILITARY,5200.0
650,honeywell,MILITARY,9883.0
651,iai,MILITARY,29898.0
652,mbda,MILITARY,
653,mtu,MILITARY,237400.0
654,oshkosh,MILITARY,330.0
655,rafael,MILITARY,
656,raytheon,MILITARY,139831.0
657,revision,MILITARY,
658,skedco,MILITARY,3241.0
659,snc,MILITARY,
660,src,MILITARY,
661,textron,MILITARY,137134.0
662,aaladin,POWER_TOOLS,1870.0
663,accuquilt,POWER_TOOLS,1376.0
664,acdelco,POWER_TOOLS,21203.0
665,acradyne,POWER_TOOLS,4649.0
666,aircat,POWER_TOOLS,156895.0
667,airvantage,POWER_TOOLS,80172.0
668,alemite,POWER_TOOLS,25444.0
669,armorthane,POWER_TOOLS,13781.0
670,armstrong,POWER_TOOLS,13502.0
671,arrow,POWER_TOOLS,387.0
672,aven,POWER_TOOLS,7668.0
673,bartell,POWER_TOOLS,9615.0
674,bernzomatic,POWER_TOOLS,5651.0
675,bessey,POWER_TOOLS,
676,bikemaster,POWER_TOOLS,
677,biteharder,POWER_TOOLS,1014.0
678,bosch,POWER_TOOLS,171289.0
679,bostitch,POWER_TOOLS,371.0
680,bowclamp,POWER_TOOLS,44100.0
681,bowtie,POWER_TOOLS,646.0
682,bristol,POWER_TOOLS,1029.0
683,central,POWER_TOOLS,22265.0
684,channellock,POWER_TOOLS,5610899.0
685,cleco,POWER_TOOLS,3163.0
686,cmt,POWER_TOOLS,44100.0
687,craftsman,POWER_TOOLS,2650625.0
688,crescent,POWER_TOOLS,227760.0
689,daetwyler,POWER_TOOLS,6400.0
690,deckwise,POWER_TOOLS,12476.0
691,delta,POWER_TOOLS,176512.0
692,dentfix,POWER_TOOLS,175655.0
693,detro,POWER_TOOLS,8351.0
694,dewalt,POWER_TOOLS,542821.0
695,diablo,POWER_TOOLS,51916.0
696,dowelmax,POWER_TOOLS,168225.0
697,dr,POWER_TOOLS,66143.0
698,dremel,POWER_TOOLS,39943.0
699,duragrit,POWER_TOOLS,
700,dynablast,POWER_TOOLS,5020.0
701,dynabrade,POWER_TOOLS,2924.0
702,eastwood,POWER_TOOLS,433215.0
703,echo,POWER_TOOLS,11760.0
704,edco,POWER_TOOLS,63902.0
705,equalizer,POWER_TOOLS,16301.0
706,ernst,POWER_TOOLS,95418.0
707,estwing,POWER_TOOLS,2572.0
708,eversharp,POWER_TOOLS,142.0
709,exair,POWER_TOOLS,25063.0
710,ezwoodshop,POWER_TOOLS,
711,festool,POWER_TOOLS,963656.0
712,fieldpiece,POWER_TOOLS,1248.0
713,fiskars,POWER_TOOLS,171.0
714,flexisander,POWER_TOOLS,
715,forrest,POWER_TOOLS,199122.0
716,freud,POWER_TOOLS,670889.0
717,gearwrench,POWER_TOOLS,206048.0
718,gema,POWER_TOOLS,20139.0
719,generac,POWER_TOOLS,28722.0
720,general,POWER_TOOLS,75531.0
721,gomaco,POWER_TOOLS,127476.0
722,goodson,POWER_TOOLS,
723,goodway,POWER_TOOLS,5817.0
724,grabit,POWER_TOOLS,163.0
725,grainger,POWER_TOOLS,475249.0
726,greenworks,POWER_TOOLS,304.0
727,grex,POWER_TOOLS,44100.0
728,handibot,POWER_TOOLS,
729,hastings,POWER_TOOLS,69253.0
730,heck,POWER_TOOLS,596.0
731,hillman,POWER_TOOLS,12355.0
732,hilmor,POWER_TOOLS,1058.0
733,hilti,POWER_TOOLS,10190.0
734,hitachi,POWER_TOOLS,26575.0
735,hollymatic,POWER_TOOLS,6688.0
736,homak,POWER_TOOLS,568383.0
737,husky,POWER_TOOLS,6647.0
738,husqvarna,POWER_TOOLS,193955.0
739,hutchins,POWER_TOOLS,5011.0
740,hyde,POWER_TOOLS,50836.0
741,hytorc,POWER_TOOLS,64050.0
742,ics,POWER_TOOLS,82025.0
743,igus,POWER_TOOLS,3223.0
744,ipa,POWER_TOOLS,106603.0
745,irwin,POWER_TOOLS,213798.0
746,jawhorse,POWER_TOOLS,
747,jet,POWER_TOOLS,8938.0
748,jonsered,POWER_TOOLS,1437.0
749,karcher,POWER_TOOLS,68736.0
750,kershaw,POWER_TOOLS,2328.0
751,kett,POWER_TOOLS,31273.0
752,keysco,POWER_TOOLS,8351.0
753,klein,POWER_TOOLS,7422.0
754,knipex,POWER_TOOLS,233237.0
755,kraft,POWER_TOOLS,7798.0
756,kreg,POWER_TOOLS,10105748.0
757,kwikstand,POWER_TOOLS,2339.0
758,lackmond,POWER_TOOLS,51194.0
759,landa,POWER_TOOLS,95.0
760,leatherman,POWER_TOOLS,1555173.0
761,lenox,POWER_TOOLS,400801.0
762,lincoln,POWER_TOOLS,25444.0
763,lisle,POWER_TOOLS,146308.0
764,logox,POWER_TOOLS,897.0
765,magnatech,POWER_TOOLS,1372.0
766,makita,POWER_TOOLS,481092.0
767,malco,POWER_TOOLS,26244.0
768,marshalltown,POWER_TOOLS,
769,martin,POWER_TOOLS,10022.0
770,matco,POWER_TOOLS,43537.0
771,mattei,POWER_TOOLS,
772,max,POWER_TOOLS,233517.0
773,maxus,POWER_TOOLS,16385.0
774,mayhew,POWER_TOOLS,46647.0
775,milwaukee,POWER_TOOLS,45459.0
776,mitek,POWER_TOOLS,5584.0
777,monster,POWER_TOOLS,21203.0
778,monti,POWER_TOOLS,12722.0
779,mound,POWER_TOOLS,11805.0
780,mountain,POWER_TOOLS,12722.0
781,mountainwasher,POWER_TOOLS,
782,multiplaz,POWER_TOOLS,
783,multiquip,POWER_TOOLS,47260.0
784,muro,POWER_TOOLS,3976.0
785,mychanic,POWER_TOOLS,973.0
786,norbar,POWER_TOOLS,54599.0
787,norton,POWER_TOOLS,15285.0
788,norwood,POWER_TOOLS,156.0
789,olfa,POWER_TOOLS,61137.0
790,otc,POWER_TOOLS,64045.0
791,pace,POWER_TOOLS,1988.0
792,paslode,POWER_TOOLS,10390.0
793,pelican,POWER_TOOLS,
794,pem,POWER_TOOLS,33514.0
795,penn,POWER_TOOLS,43847.0
796,pensimple,POWER_TOOLS,3102.0
797,pexgun,POWER_TOOLS,154.0
798,phc,POWER_TOOLS,15932.0
799,plasmacam,POWER_TOOLS,3407581.0
800,powerbuilt,POWER_TOOLS,890.0
801,powerluber,POWER_TOOLS,25444.0
802,powershot,POWER_TOOLS,113.0
803,preval,POWER_TOOLS,12983.0
804,primedge,POWER_TOOLS,133264.0
805,prorule,POWER_TOOLS,375.0
806,proto,POWER_TOOLS,17391.0
807,rapidrill,POWER_TOOLS,
808,ridgid,POWER_TOOLS,1174960.0
809,rigid,POWER_TOOLS,12990.0
810,rockwell,POWER_TOOLS,158603.0
811,roemheld,POWER_TOOLS,11281.0
812,rossi,POWER_TOOLS,
813,rotozip,POWER_TOOLS,7582.0
814,ryobi,POWER_TOOLS,12515.0
815,sata,POWER_TOOLS,152903.0
816,sawstop,POWER_TOOLS,162310.0
817,schaeffler,POWER_TOOLS,2171.0
818,schrade,POWER_TOOLS,47190.0
819,shark,POWER_TOOLS,25056.0
820,shindaiwa,POWER_TOOLS,47882.0
821,sk,POWER_TOOLS,30613.0
822,skil,POWER_TOOLS,40015.0
823,sog,POWER_TOOLS,935681.0
824,southwire,POWER_TOOLS,26321.0
825,sparky,POWER_TOOLS,
826,spx,POWER_TOOLS,7442.0
827,spyder,POWER_TOOLS,
828,stanley,POWER_TOOLS,114335.0
829,starrett,POWER_TOOLS,15897.0
830,steck,POWER_TOOLS,135463.0
831,stihl,POWER_TOOLS,37930658.0
832,studbuddy,POWER_TOOLS,
833,stuller,POWER_TOOLS,
834,sunjoe,POWER_TOOLS,160.0
835,tapebuddy,POWER_TOOLS,1152.0
836,tekton,POWER_TOOLS,26875.0
837,terrco,POWER_TOOLS,
838,trigjig,POWER_TOOLS,
839,triton,POWER_TOOLS,248874.0
840,unicam,POWER_TOOLS,9832.0
841,vallorbe,POWER_TOOLS,
842,versatility,POWER_TOOLS,9278.0
843,victorinox,POWER_TOOLS,26159.0
844,wachs,POWER_TOOLS,7442.0
845,wagner,POWER_TOOLS,5376.0
846,westcott,POWER_TOOLS,1389.0
847,wiss,POWER_TOOLS,29216.0
848,wolff,POWER_TOOLS,30330.0
849,woodcraft,POWER_TOOLS,10249.0
850,woodhaven,POWER_TOOLS,2494.0
851,worx,POWER_TOOLS,217377.0
852,yamaha,POWER_TOOLS,736.0
853,zago,POWER_TOOLS,
854,advueu,TELEVISIONS,25200.0
855,clearview,TELEVISIONS,
856,dealertv,TELEVISIONS,52378.0
857,element,TELEVISIONS,4531691.0
858,ericsson,TELEVISIONS,18927.0
859,hisense,TELEVISIONS,1218631.0
860,lg,TELEVISIONS,25104620.0
861,panasonic,TELEVISIONS,65436.0
862,philips,TELEVISIONS,647038.0
863,pioneer,TELEVISIONS,6528.0
864,planar,TELEVISIONS,5626.0
865,rca,TELEVISIONS,36782.0
866,samsung,TELEVISIONS,40933658.0
867,seiki,TELEVISIONS,13072.0
868,sharp,TELEVISIONS,96645.0
869,skyvue,TELEVISIONS,46522.0
870,sony,TELEVISIONS,62837.0
871,sunbritetv,TELEVISIONS,9065.0
872,sylvania,TELEVISIONS,22500.0
873,tcl,TELEVISIONS,284342.0
874,toshiba,TELEVISIONS,
875,viewsonic,TELEVISIONS,53505.0
876,vizio,TELEVISIONS,5213496.0
877,westinghouse,TELEVISIONS,259778.0
878,adi,WATCHES,2210.0
879,adidas,WATCHES,522.0
880,alor,WATCHES,90093.0
881,alpina,WATCHES,45174.0
882,anonimo,WATCHES,123200.0
883,arbutus,WATCHES,171.0
884,armitron,WATCHES,
885,armogan,WATCHES,1045.0
886,azad,WATCHES,0.0
887,ball,WATCHES,43850.0
888,belair,WATCHES,19463.0
889,belkin,WATCHES,12043.0
890,benrus,WATCHES,13071.0
891,bering,WATCHES,52703.0
892,bianci,WATCHES,
893,bijan,WATCHES,266657.0
894,blancpain,WATCHES,30661.0
895,boccia,WATCHES,152.0
896,bomberg,WATCHES,187637.0
897,bovet,WATCHES,561507.0
898,boyard,WATCHES,
899,brathwait,WATCHES,3469.0
900,breda,WATCHES,693.0
901,breguet,WATCHES,258875.0
902,breitling,WATCHES,1126378.0
903,bremont,WATCHES,
904,buler,WATCHES,192.0
905,bulgari,WATCHES,109358.0
906,bulova,WATCHES,6677832.0
907,buoyy,WATCHES,3288.0
908,butler,WATCHES,
909,cadence,WATCHES,718.0
910,caravelle,WATCHES,4501.0
911,cartier,WATCHES,891829.0
912,casio,WATCHES,143811.0
913,charriol,WATCHES,78800.0
914,chopard,WATCHES,23860.0
915,chronoswiss,WATCHES,
916,citizen,WATCHES,1690662.0
917,coach,WATCHES,6670.0
918,converse,WATCHES,522.0
919,cortese,WATCHES,578.0
920,corum,WATCHES,73526.0
921,cromwell,WATCHES,264.0
922,dewitt,WATCHES,38952.0
923,didofa,WATCHES,
924,diesel,WATCHES,621.0
925,dior,WATCHES,309588.0
926,eone,WATCHES,11995.0
927,erroyl,WATCHES,1086.0
928,eterna,WATCHES,1914.0
929,faberge,WATCHES,26166.0
930,fendi,WATCHES,13653.0
931,fifth,WATCHES,1213.0
932,fiyta,WATCHES,
933,fossil,WATCHES,5578334.0
934,freestyle,WATCHES,42291.0
935,gamiss,WATCHES,73.0
936,garmin,WATCHES,98208.0
937,glashutte,WATCHES,44112.0
938,graff,WATCHES,66055.0
939,graham,WATCHES,14915.0
940,greyhours,WATCHES,672.0
941,gucci,WATCHES,526977.0
942,guess,WATCHES,222094.0
943,hamilton,WATCHES,862907.0
944,havana,WATCHES,119.0
945,hermes,WATCHES,1353634.0
946,huawei,WATCHES,240472.0
947,hublot,WATCHES,140840.0
948,hypergrand,WATCHES,224.0
949,hyt,WATCHES,107.0
950,ibeat,WATCHES,5046.0
951,invicta,WATCHES,164182.0
952,jord,WATCHES,10036.0
953,kompass,WATCHES,
954,kronaby,WATCHES,4398.0
955,kyboe,WATCHES,71002.0
956,lacoste,WATCHES,
957,lapizta,WATCHES,1924.0
958,longines,WATCHES,6126933.0
959,luminox,WATCHES,23031.0
960,lunowear,WATCHES,
961,martenero,WATCHES,196.0
962,marvin,WATCHES,30800.0
963,medota,WATCHES,120.0
964,megir,WATCHES,268.0
965,meridio,WATCHES,22734.0
966,michele,WATCHES,2154653.0
967,mido,WATCHES,53948.0
968,mistura,WATCHES,923.0
969,montblanc,WATCHES,10121.0
970,movado,WATCHES,598902.0
971,mtm,WATCHES,11697.0
972,mulco,WATCHES,50258.0
973,mvmt,WATCHES,379908.0
974,nacken,WATCHES,6889.0
975,naviforce,WATCHES,
976,neita,WATCHES,6450.0
977,newgate,WATCHES,129.0
978,nike,WATCHES,
979,nite,WATCHES,12798.0
980,nixon,WATCHES,262127.0
981,nomad,WATCHES,9544.0
982,oleksynprannyk,WATCHES,291.0
983,olio,WATCHES,66705.0
984,omega,WATCHES,3327479.0
985,orient,WATCHES,20752.0
986,oris,WATCHES,757216.0
987,pagare,WATCHES,
988,panerai,WATCHES,51197.0
989,peugeot,WATCHES,173800.0
990,phillips,WATCHES,26383.0
991,piaget,WATCHES,68682.0
992,picono,WATCHES,1846.0
993,polar,WATCHES,308.0
994,pulsar,WATCHES,332499.0
995,rado,WATCHES,14320.0
996,rapport,WATCHES,544.0
997,reactor,WATCHES,921.0
998,revival,WATCHES,95.0
999,ritot,WATCHES,10919.0
1000,rockwell,WATCHES,50.0
1001,rolex,WATCHES,27884105.0
1002,rosefield,WATCHES,920.0
1003,rosemont,WATCHES,
1004,royalmarine,WATCHES,
1005,seiko,WATCHES,777869.0
1006,sevenfriday,WATCHES,78940.0
1007,shark,WATCHES,
1008,shinola,WATCHES,3072638.0
1009,sisu,WATCHES,25821.0
1010,skagen,WATCHES,207738.0
1011,slow,WATCHES,48605.0
1012,stauer,WATCHES,282546.0
1013,suunto,WATCHES,53742.0
1014,svstem,WATCHES,
1015,swarovski,WATCHES,25529.0
1016,swatch,WATCHES,1778417.0
1017,swiss,WATCHES,102.0
1018,swisstime,WATCHES,
1019,szanto,WATCHES,99594.0
1020,tayroc,WATCHES,173.0
1021,technomarine,WATCHES,301838.0
1022,teno,WATCHES,23721.0
1023,tense,WATCHES,200.0
1024,tiffany,WATCHES,108128.0
1025,timex,WATCHES,1124967.0
1026,tissot,WATCHES,14482811.0
1027,titan,WATCHES,643.0
1028,toptiertimer,WATCHES,
1029,torgoen,WATCHES,401.0
1030,triarrows,WATCHES,1715.0
1031,truwood,WATCHES,
1032,tudor,WATCHES,585028.0
1033,versace,WATCHES,3086.0
1034,victorinox,WATCHES,
1035,void,WATCHES,204.0
1036,wewood,WATCHES,906.0
1037,withings,WATCHES,34313.0
1038,wolf,WATCHES,456.0
1039,wryst,WATCHES,
1040,xetum,WATCHES,962.0
1041,yes,WATCHES,8165.0
1042,zenith,WATCHES,159183.0
1043,adea,WOMENS_UNDERWEAR,117.0
1044,aerie,WOMENS_UNDERWEAR,2402946.0
1045,confitex,WOMENS_UNDERWEAR,
1046,foxers,WOMENS_UNDERWEAR,76.0
1047,guess,WOMENS_UNDERWEAR,325652.0
1048,hanes,WOMENS_UNDERWEAR,213461.0
1049,hanro,WOMENS_UNDERWEAR,199.0
1050,intimissimi,WOMENS_UNDERWEAR,2220.0
1051,knixteen,WOMENS_UNDERWEAR,
1052,knixwear,WOMENS_UNDERWEAR,5570.0
1053,leonisa,WOMENS_UNDERWEAR,1241.0
1054,natori,WOMENS_UNDERWEAR,91.0
1055,oscalito,WOMENS_UNDERWEAR,65.0
1056,sokoloff,WOMENS_UNDERWEAR,
1057,soma,WOMENS_UNDERWEAR,4500.0
1058,tani,WOMENS_UNDERWEAR,551.0
1059,thinx,WOMENS_UNDERWEAR,1178691.0
1060,tomboyx,WOMENS_UNDERWEAR,
1061,valentine,WOMENS_UNDERWEAR,730.0
1062,warners,WOMENS_UNDERWEAR,55109.0
1063,breyers,YOGURT,
1064,cabot,YOGURT,260.0
1065,cacique,YOGURT,2832.0
1066,chobani,YOGURT,20370507.0
1067,clover,YOGURT,20.0
1068,cocobella,YOGURT,
1069,dannon,YOGURT,10255956.0
1070,danone,YOGURT,41183.0
1071,danonino,YOGURT,186906.0
1072,ehrmann,YOGURT,56500.0
1073,ellenos,YOGURT,782.0
1074,kabrita,YOGURT,131.0
1075,lala,YOGURT,18266961.0
1076,liberte,YOGURT,713.0
1077,muller,YOGURT,
1078,nancys,YOGURT,13523.0
1079,noosa,YOGURT,3223291.0
1080,siggis,YOGURT,674017.0
1081,silk,YOGURT,10320.0
1082,tillamook,YOGURT,90543.0
1083,tnuva,YOGURT,214545.0
1084,yoatz,YOGURT,8828.0
1085,yopa,YOGURT,903.0
1086,yoplait,YOGURT,103039403.0
