,BRAND,DOLS,CATEGORY
0,advil,138584384.0,ANALGESICS
1,aleve,107795707.0,ANALGESICS
2,alliviax,9327.0,ANALGESICS
3,analgen,256.0,ANALGESICS
4,arnicare,327389.0,ANALGESICS
5,asteeza,28418.0,ANALGESICS
6,ausanil,4035.0,ANALGESICS
7,azo,552227.0,ANALGESICS
8,bc,2525607.0,ANALGESICS
9,biofreeze,44695.0,ANALGESICS
10,bufferin,,ANALGESICS
11,buscapina,5635.0,ANALGESICS
12,calmadol,16906.0,ANALGESICS
13,diurex,,ANALGESICS
14,equate,99585.0,ANALGESICS
15,excedrin,96006.0,ANALGESICS
16,fibromyalgia,4386.0,ANALGESICS
17,flanax,274271.0,ANALGESICS
18,glycomarine,1168.0,ANALGESICS
19,goodys,752741.0,ANALGESICS
20,hangover,368439.0,ANALGESICS
21,kyutec,124.0,ANALGESICS
22,livia,,ANALGESICS
23,migrastil,,ANALGESICS
24,migrelief,,ANALGESICS
25,motrin,1464269.0,ANALGESICS
26,naproxen,13251.0,ANALGESICS
27,noxicare,11119.0,ANALGESICS
28,pamprin,269493.0,ANALGESICS
29,pediacare,27586.0,ANALGESICS
30,persen,,ANALGESICS
31,salonpas,14420.0,ANALGESICS
32,stopain,44005.0,ANALGESICS
33,synodrin,110665.0,ANALGESICS
34,tylenol,108497.0,ANALGESICS
35,vanquish,537896.0,ANALGESICS
36,venaton,18261.0,ANALGESICS
37,alfamino,18682.0,BABY_FOODS
38,enfagrow,1385389.0,BABY_FOODS
39,enfamil,153870.0,BABY_FOODS
40,gerber,22499944.0,BABY_FOODS
41,kabrita,7301.0,BABY_FOODS
42,neocate,70395.0,BABY_FOODS
43,nurturme,4933.0,BABY_FOODS
44,similac,203115.0,BABY_FOODS
45,sprout,116645.0,BABY_FOODS
46,adidas,891.0,BASEBALL_EQUIPMENT
47,axe,98289.0,BASEBALL_EQUIPMENT
48,blast,104743.0,BASEBALL_EQUIPMENT
49,demarini,2056.0,BASEBALL_EQUIPMENT
50,diamond,0.0,BASEBALL_EQUIPMENT
51,easton,218.0,BASEBALL_EQUIPMENT
52,franklin,187861.0,BASEBALL_EQUIPMENT
53,gloveworks,0.0,BASEBALL_EQUIPMENT
54,maxbp,54.0,BASEBALL_EQUIPMENT
55,miken,0.0,BASEBALL_EQUIPMENT
56,prorollers,,BASEBALL_EQUIPMENT
57,rawlings,,BASEBALL_EQUIPMENT
58,ssk,303.0,BASEBALL_EQUIPMENT
59,wilson,2971.0,BASEBALL_EQUIPMENT
60,worth,0.0,BASEBALL_EQUIPMENT
61,acura,45438413.0,CARS_TRUCKS
62,audi,43254206.0,CARS_TRUCKS
63,bentley,1545639.0,CARS_TRUCKS
64,bmw,39981525.0,CARS_TRUCKS
65,buick,23155217.0,CARS_TRUCKS
66,cadillac,65802440.0,CARS_TRUCKS
67,chevrolet,231297562.0,CARS_TRUCKS
68,chrysler,6004111.0,CARS_TRUCKS
69,citroen,,CARS_TRUCKS
70,dacia,,CARS_TRUCKS
71,datsun,,CARS_TRUCKS
72,dodge,33424518.0,CARS_TRUCKS
73,ferrari,30587.0,CARS_TRUCKS
74,fiat,3234145.0,CARS_TRUCKS
75,ford,348912563.0,CARS_TRUCKS
76,genesis,38949978.0,CARS_TRUCKS
77,holden,,CARS_TRUCKS
78,honda,29440056.0,CARS_TRUCKS
79,hyundai,45727948.0,CARS_TRUCKS
80,infiniti,17205116.0,CARS_TRUCKS
81,jaguar,7360651.0,CARS_TRUCKS
82,kia,10687965.0,CARS_TRUCKS
83,lexus,70757450.0,CARS_TRUCKS
84,lincoln,10263062.0,CARS_TRUCKS
85,maserati,2345118.0,CARS_TRUCKS
86,mazda,71255598.0,CARS_TRUCKS
87,mini,7848011.0,CARS_TRUCKS
88,mitsubishi,441877.0,CARS_TRUCKS
89,nissan,207086084.0,CARS_TRUCKS
90,pagani,157880.0,CARS_TRUCKS
91,peugeot,8404.0,CARS_TRUCKS
92,porsche,2188360.0,CARS_TRUCKS
93,renault,4426.0,CARS_TRUCKS
94,scion,60235.0,CARS_TRUCKS
95,smart,2208807.0,CARS_TRUCKS
96,subaru,209532341.0,CARS_TRUCKS
97,suzuki,422.0,CARS_TRUCKS
98,tesla,889.0,CARS_TRUCKS
99,toyota,93958963.0,CARS_TRUCKS
100,vauxhall,,CARS_TRUCKS
101,volkswagen,13523420.0,CARS_TRUCKS
102,volvo,2159686.0,CARS_TRUCKS
103,aerin,108.0,COSMETICS
104,allure,4235.0,COSMETICS
105,almay,97461.0,COSMETICS
106,alzeyna,508.0,COSMETICS
107,ambi,2001.0,COSMETICS
108,anytime,3857.0,COSMETICS
109,arbonne,2030.0,COSMETICS
110,aritaum,546.0,COSMETICS
111,arrow,,COSMETICS
112,artistry,456.0,COSMETICS
113,aveda,62301.0,COSMETICS
114,aveeno,21993.0,COSMETICS
115,avon,4659620.0,COSMETICS
116,bareminerals,762758.0,COSMETICS
117,beaucream,832.0,COSMETICS
118,beautyducts,2.0,COSMETICS
119,benefit,40578.0,COSMETICS
120,bezmyne,3954.0,COSMETICS
121,biancey,3157.0,COSMETICS
122,biotherm,,COSMETICS
123,bodyography,124601.0,COSMETICS
124,botanics,20363.0,COSMETICS
125,brivmay,141.0,COSMETICS
126,burberry,59000.0,COSMETICS
127,buxom,687.0,COSMETICS
128,cargo,40912.0,COSMETICS
129,caroia,16138.0,COSMETICS
130,catrice,,COSMETICS
131,chanel,161219.0,COSMETICS
132,cilsfrance,6752.0,COSMETICS
133,clarins,1114205.0,COSMETICS
134,clinique,1357352.0,COSMETICS
135,clio,,COSMETICS
136,colorescience,1216.0,COSMETICS
137,colourpop,107.0,COSMETICS
138,coty,47350.0,COSMETICS
139,darieu,28145.0,COSMETICS
140,dax,319.0,COSMETICS
141,dekliderm,11717.0,COSMETICS
142,dermablend,9510.0,COSMETICS
143,dermalox,90.0,COSMETICS
144,dinair,705.0,COSMETICS
145,dior,816381.0,COSMETICS
146,dove,108946.0,COSMETICS
147,ecotools,26509.0,COSMETICS
148,elf,123698.0,COSMETICS
149,espa,810.0,COSMETICS
150,essence,6363.0,COSMETICS
151,essie,1654.0,COSMETICS
152,flirt,,COSMETICS
153,foreo,10841.0,COSMETICS
154,fortunaye,885.0,COSMETICS
155,fullips,29698.0,COSMETICS
156,glamalor,,COSMETICS
157,glamglow,,COSMETICS
158,gucci,1022.0,COSMETICS
159,guerlain,275980.0,COSMETICS
160,healthbeauto,616.0,COSMETICS
161,ifirmation,9087.0,COSMETICS
162,jafra,4824.0,COSMETICS
163,jane,170.0,COSMETICS
164,jergens,65701.0,COSMETICS
165,julep,1758.0,COSMETICS
166,kiss,14766.0,COSMETICS
167,korres,197.0,COSMETICS
168,lancome,660261.0,COSMETICS
169,lorac,1648192.0,COSMETICS
170,lotus,,COSMETICS
171,lubriderm,36738.0,COSMETICS
172,lush,106.0,COSMETICS
173,lyrei,1972.0,COSMETICS
174,mac,15041.0,COSMETICS
175,manhattan,,COSMETICS
176,mark,352.0,COSMETICS
177,milani,34729.0,COSMETICS
178,monteil,4191.0,COSMETICS
179,mychelle,,COSMETICS
180,nars,1597.0,COSMETICS
181,natura,2488.0,COSMETICS
182,neova,65.0,COSMETICS
183,neutrogena,633859.0,COSMETICS
184,nexacell,48.0,COSMETICS
185,note,216.0,COSMETICS
186,novalash,184360.0,COSMETICS
187,nyx,24149.0,COSMETICS
188,ofra,1253.0,COSMETICS
189,olay,2304438.0,COSMETICS
190,omorovicza,106.0,COSMETICS
191,oribe,9001.0,COSMETICS
192,origins,6824.0,COSMETICS
193,orlane,1884.0,COSMETICS
194,physicians,23534.0,COSMETICS
195,plumderma,18467.0,COSMETICS
196,prescriptives,575.0,COSMETICS
197,proskin,8346.0,COSMETICS
198,renaissance,5534.0,COSMETICS
199,repechage,7501.0,COSMETICS
200,revlon,7005277.0,COSMETICS
201,rimmel,29041.0,COSMETICS
202,sarantis,11767.0,COSMETICS
203,shiseido,687890.0,COSMETICS
204,sidasta,3633.0,COSMETICS
205,skinnight,2295.0,COSMETICS
206,smashbox,278689.0,COSMETICS
207,stila,,COSMETICS
208,stowaway,16768.0,COSMETICS
209,taras,88339.0,COSMETICS
210,tarte,4632.0,COSMETICS
211,trestique,,COSMETICS
212,tribetats,107.0,COSMETICS
213,tritats,1123.0,COSMETICS
214,trydermavie,310095.0,COSMETICS
215,tweezerman,67830.0,COSMETICS
216,tyra,354313.0,COSMETICS
217,ulta,1971054.0,COSMETICS
218,unilever,17558.0,COSMETICS
219,vichy,,COSMETICS
220,xxv,3343.0,COSMETICS
221,yourbeautyderm,15138.0,COSMETICS
222,yuni,812.0,COSMETICS
223,zenjenskin,1775.0,COSMETICS
224,aarp,28462.0,FINANCIAL_SERVICES
225,amazon,15650.0,FINANCIAL_SERVICES
226,artoken,876.0,FINANCIAL_SERVICES
227,bankrate,9988.0,FINANCIAL_SERVICES
228,bitconcept,3639.0,FINANCIAL_SERVICES
229,bitcosmos,987.0,FINANCIAL_SERVICES
230,bitquick,,FINANCIAL_SERVICES
231,bitstrades,3248.0,FINANCIAL_SERVICES
232,bittank,576.0,FINANCIAL_SERVICES
233,boscoin,,FINANCIAL_SERVICES
234,brickblock,4104.0,FINANCIAL_SERVICES
235,coinmama,,FINANCIAL_SERVICES
236,compcoin,6858.0,FINANCIAL_SERVICES
237,crypterium,,FINANCIAL_SERVICES
238,currencyliquidator,,FINANCIAL_SERVICES
239,ecocoins,,FINANCIAL_SERVICES
240,eroscoin,,FINANCIAL_SERVICES
241,evr,,FINANCIAL_SERVICES
242,finney,9172.0,FINANCIAL_SERVICES
243,fortrade,32391.0,FINANCIAL_SERVICES
244,goldmint,128.0,FINANCIAL_SERVICES
245,herocoin,932.0,FINANCIAL_SERVICES
246,kencoin,2659.0,FINANCIAL_SERVICES
247,kexcoin,264.0,FINANCIAL_SERVICES
248,kin,531.0,FINANCIAL_SERVICES
249,kitcoin,366600.0,FINANCIAL_SERVICES
250,maincoin,,FINANCIAL_SERVICES
251,megamine,837.0,FINANCIAL_SERVICES
252,meridian,,FINANCIAL_SERVICES
253,mtfx,1356.0,FINANCIAL_SERVICES
254,nametoken,31923.0,FINANCIAL_SERVICES
255,ofx,702135.0,FINANCIAL_SERVICES
256,paycent,923.0,FINANCIAL_SERVICES
257,paysafe,11139.0,FINANCIAL_SERVICES
258,pendo,22489.0,FINANCIAL_SERVICES
259,proequities,15038.0,FINANCIAL_SERVICES
260,proof,588.0,FINANCIAL_SERVICES
261,qvolta,,FINANCIAL_SERVICES
262,recoin,,FINANCIAL_SERVICES
263,rollmycoin,,FINANCIAL_SERVICES
264,skincoin,,FINANCIAL_SERVICES
265,smartmoney,,FINANCIAL_SERVICES
266,sprig,10238.0,FINANCIAL_SERVICES
267,tokendesk,348.0,FINANCIAL_SERVICES
268,tokenstars,198.0,FINANCIAL_SERVICES
269,usforex,9531.0,FINANCIAL_SERVICES
270,adrenaline,15409.0,BBQ
271,denmark,9995.0,BBQ
272,kalamazoo,3545.0,BBQ
273,kingsford,1292764.0,BBQ
274,texas,,BBQ
275,weber,25831.0,BBQ
276,agebeautiful,2747039.0,HAIR_PRODUCTS
277,alfaparf,74509.0,HAIR_PRODUCTS
278,aveda,18002.0,HAIR_PRODUCTS
279,avena,7501.0,HAIR_PRODUCTS
280,bigen,2242163.0,HAIR_PRODUCTS
281,chromasilk,74478.0,HAIR_PRODUCTS
282,clairol,63125.0,HAIR_PRODUCTS
283,colordesign,48006.0,HAIR_PRODUCTS
284,colorphlex,93689.0,HAIR_PRODUCTS
285,colorproof,132694.0,HAIR_PRODUCTS
286,colorsmash,17681.0,HAIR_PRODUCTS
287,colortrak,61603.0,HAIR_PRODUCTS
288,deciem,193.0,HAIR_PRODUCTS
289,dphue,45966.0,HAIR_PRODUCTS
290,esalon,274116.0,HAIR_PRODUCTS
291,hoyu,18002.0,HAIR_PRODUCTS
292,inoa,,HAIR_PRODUCTS
293,jonathan,2958.0,HAIR_PRODUCTS
294,keune,68747.0,HAIR_PRODUCTS
295,koleston,5123.0,HAIR_PRODUCTS
296,lakme,36004.0,HAIR_PRODUCTS
297,lanza,27003.0,HAIR_PRODUCTS
298,leland,10236.0,HAIR_PRODUCTS
299,matrix,35004.0,HAIR_PRODUCTS
300,naturtint,10941315.0,HAIR_PRODUCTS
301,oway,123580.0,HAIR_PRODUCTS
302,paintglow,,HAIR_PRODUCTS
303,pureology,184829.0,HAIR_PRODUCTS
304,redken,73732.0,HAIR_PRODUCTS
305,reparex,,HAIR_PRODUCTS
306,satin,5085392.0,HAIR_PRODUCTS
307,schwarzkopf,21115.0,HAIR_PRODUCTS
308,scruples,59186.0,HAIR_PRODUCTS
309,splat,2336995.0,HAIR_PRODUCTS
310,tca,29469.0,HAIR_PRODUCTS
311,tigi,28077.0,HAIR_PRODUCTS
312,tressa,56578.0,HAIR_PRODUCTS
313,wella,70082.0,HAIR_PRODUCTS
314,abellan,176715.0,JEWELRY
315,adora,,JEWELRY
316,alamea,14479.0,JEWELRY
317,albertos,628620.0,JEWELRY
318,alishan,8545.0,JEWELRY
319,alor,59644.0,JEWELRY
320,always,73495.0,JEWELRY
321,amden,30742.0,JEWELRY
322,amgad,322650.0,JEWELRY
323,angelica,32623.0,JEWELRY
324,anjolee,743.0,JEWELRY
325,annoushka,283.0,JEWELRY
326,antonini,40980.0,JEWELRY
327,armenta,18447.0,JEWELRY
328,arpas,26419.0,JEWELRY
329,artcarved,64023.0,JEWELRY
330,artemest,24949.0,JEWELRY
331,artistry,82368.0,JEWELRY
332,asher,28394.0,JEWELRY
333,ashk,,JEWELRY
334,asprey,155250.0,JEWELRY
335,assael,427235.0,JEWELRY
336,astoria,,JEWELRY
337,attos,450.0,JEWELRY
338,australian,2539.0,JEWELRY
339,baccarat,15876.0,JEWELRY
340,baggins,5641.0,JEWELRY
341,balenciaga,813648.0,JEWELRY
342,bamboo,16383.0,JEWELRY
343,barsky,33997.0,JEWELRY
344,bayco,54050.0,JEWELRY
345,becoming,721.0,JEWELRY
346,belfiore,9309.0,JEWELRY
347,bellarri,11940.0,JEWELRY
348,benchmark,45915.0,JEWELRY
349,bijan,242416.0,JEWELRY
350,bioring,2917.0,JEWELRY
351,blvckout,915.0,JEWELRY
352,boma,14951.0,JEWELRY
353,brayce,267.0,JEWELRY
354,breguet,162160.0,JEWELRY
355,brighton,5830.0,JEWELRY
356,brosway,5000.0,JEWELRY
357,buccellati,18780.0,JEWELRY
358,bulgari,1870278.0,JEWELRY
359,cadar,890720.0,JEWELRY
360,canadamark,11902.0,JEWELRY
361,carelle,199.0,JEWELRY
362,carlex,413.0,JEWELRY
363,carolee,186.0,JEWELRY
364,cartier,12083449.0,JEWELRY
365,catbird,54396.0,JEWELRY
366,celtic,,JEWELRY
367,chamilia,791303.0,JEWELRY
368,chanel,571852.0,JEWELRY
369,charriol,,JEWELRY
370,chopard,7102659.0,JEWELRY
371,christofle,6821.0,JEWELRY
372,chrysalis,9401.0,JEWELRY
373,circa,4062514.0,JEWELRY
374,coach,,JEWELRY
375,colibri,,JEWELRY
376,continental,17863.0,JEWELRY
377,coomi,694060.0,JEWELRY
378,corso,,JEWELRY
379,cosa,,JEWELRY
380,crivelli,900920.0,JEWELRY
381,crownring,48512.0,JEWELRY
382,cruciani,,JEWELRY
383,dabakarov,131340.0,JEWELRY
384,dacarli,,JEWELRY
385,damiani,14611.0,JEWELRY
386,danhov,5853.0,JEWELRY
387,dannijo,220.0,JEWELRY
388,dazzlers,9401.0,JEWELRY
389,devocean,1575.0,JEWELRY
390,diamond,14861.0,JEWELRY
391,dior,604312.0,JEWELRY
392,djula,977516.0,JEWELRY
393,dnea,3240.0,JEWELRY
394,dorfman,322386.0,JEWELRY
395,dtc,21538.0,JEWELRY
396,dualitas,,JEWELRY
397,dutchcollar,128844.0,JEWELRY
398,dway,1356.0,JEWELRY
399,earstuds,95895.0,JEWELRY
400,effy,206114.0,JEWELRY
401,eliko,5641.0,JEWELRY
402,elle,1022563.0,JEWELRY
403,endless,408323.0,JEWELRY
404,enso,117496.0,JEWELRY
405,esquire,711740.0,JEWELRY
406,ettika,,JEWELRY
407,everband,964.0,JEWELRY
408,evocateur,15232.0,JEWELRY
409,faberge,1586858.0,JEWELRY
410,feri,,JEWELRY
411,forevermark,16438443.0,JEWELRY
412,forziani,1307.0,JEWELRY
413,fossil,238289.0,JEWELRY
414,gamiss,489.0,JEWELRY
415,gemfields,1082383.0,JEWELRY
416,gemiana,3160.0,JEWELRY
417,gemio,1224.0,JEWELRY
418,gemvision,1597.0,JEWELRY
419,genesis,172076.0,JEWELRY
420,gia,141310.0,JEWELRY
421,gielo,220.0,JEWELRY
422,givenchy,774910.0,JEWELRY
423,global,22511.0,JEWELRY
424,gm,3728.0,JEWELRY
425,goldman,26419.0,JEWELRY
426,goldstein,130572.0,JEWELRY
427,gothrider,,JEWELRY
428,graff,2881781.0,JEWELRY
429,gucci,929157.0,JEWELRY
430,gurhan,283658.0,JEWELRY
431,happylaulea,2564.0,JEWELRY
432,henne,10614.0,JEWELRY
433,herco,69101.0,JEWELRY
434,hermes,4150101.0,JEWELRY
435,hidalgo,834.0,JEWELRY
436,hinsongayle,,JEWELRY
437,hiraco,,JEWELRY
438,honora,208401.0,JEWELRY
439,hublot,135016.0,JEWELRY
440,imperial,21341.0,JEWELRY
441,induo,19.0,JEWELRY
442,inox,11001.0,JEWELRY
443,ippolita,5496.0,JEWELRY
444,ironman,,JEWELRY
445,isharya,,JEWELRY
446,jennybird,,JEWELRY
447,jeulia,26688.0,JEWELRY
448,jewelex,45221.0,JEWELRY
449,jewelmer,250038.0,JEWELRY
450,joden,11015.0,JEWELRY
451,jostens,187033.0,JEWELRY
452,kameleon,16923.0,JEWELRY
453,kgk,37604.0,JEWELRY
454,khailo,272.0,JEWELRY
455,khom,,JEWELRY
456,kiran,1341.0,JEWELRY
457,kkgi,4231.0,JEWELRY
458,knot,37604.0,JEWELRY
459,kobelli,,JEWELRY
460,kozi,4561.0,JEWELRY
461,krikawa,,JEWELRY
462,kristall,,JEWELRY
463,kwiat,1277451.0,JEWELRY
464,lagos,446368.0,JEWELRY
465,lalique,3500.0,JEWELRY
466,lana,12000.0,JEWELRY
467,lashbrook,84333.0,JEWELRY
468,lavaggi,3436.0,JEWELRY
469,leslie,21896.0,JEWELRY
470,liberty,2539.0,JEWELRY
471,lift,,JEWELRY
472,lili,32781.0,JEWELRY
473,livingstone,23880.0,JEWELRY
474,lokai,32099.0,JEWELRY
475,lotus,45174.0,JEWELRY
476,lunkae,,JEWELRY
477,luvente,107268.0,JEWELRY
478,madani,1344.0,JEWELRY
479,majorica,300.0,JEWELRY
480,mantraband,12018.0,JEWELRY
481,marika,45221.0,JEWELRY
482,marli,121620.0,JEWELRY
483,mastoloni,298377.0,JEWELRY
484,mattioli,590730.0,JEWELRY
485,messika,1316344.0,JEWELRY
486,metalicious,25921.0,JEWELRY
487,miansai,27581.0,JEWELRY
488,michele,115.0,JEWELRY
489,michou,2539.0,JEWELRY
490,midas,177243.0,JEWELRY
491,mikimoto,5152165.0,JEWELRY
492,milano,523.0,JEWELRY
493,mioro,40143.0,JEWELRY
494,misahara,322090.0,JEWELRY
495,mister,6088.0,JEWELRY
496,mokumeganeya,314.0,JEWELRY
497,motif,28001.0,JEWELRY
498,movado,376794.0,JEWELRY
499,murat,18802.0,JEWELRY
500,muzo,,JEWELRY
501,naledi,693.0,JEWELRY
502,nambe,570.0,JEWELRY
503,nelson,116386.0,JEWELRY
504,nest,471465.0,JEWELRY
505,nialaya,,JEWELRY
506,ninacci,18802.0,JEWELRY
507,nomination,130.0,JEWELRY
508,nuvoboho,18.0,JEWELRY
509,omega,97687.0,JEWELRY
510,onecklace,,JEWELRY
511,oressence,18802.0,JEWELRY
512,ovadia,2539.0,JEWELRY
513,pampillonia,133.0,JEWELRY
514,pandora,61035054.0,JEWELRY
515,paragon,2539.0,JEWELRY
516,persona,1433542.0,JEWELRY
517,piaget,708593.0,JEWELRY
518,picchiotti,529995.0,JEWELRY
519,platini,9401.0,JEWELRY
520,platinum,32497.0,JEWELRY
521,pomellato,,JEWELRY
522,preciosa,2.0,JEWELRY
523,pyrrha,3917.0,JEWELRY
524,qalo,90327.0,JEWELRY
525,quid,,JEWELRY
526,rahaminov,162773.0,JEWELRY
527,rajola,28203.0,JEWELRY
528,rdi,21341.0,JEWELRY
529,rebecca,7700.0,JEWELRY
530,relica,1704.0,JEWELRY
531,repossi,2350733.0,JEWELRY
532,ritani,7694565.0,JEWELRY
533,rmc,5360.0,JEWELRY
534,romance,809.0,JEWELRY
535,rommanel,14736.0,JEWELRY
536,rosemarie,1154.0,JEWELRY
537,roxy,287.0,JEWELRY
538,schaffrath,18802.0,JEWELRY
539,sequel,128.0,JEWELRY
540,serinium,,JEWELRY
541,shinola,3446.0,JEWELRY
542,sibilia,6390.0,JEWELRY
543,signity,2250.0,JEWELRY
544,sindbad,9401.0,JEWELRY
545,skagen,5285.0,JEWELRY
546,skydin,72.0,JEWELRY
547,snbt,206.0,JEWELRY
548,soko,167692.0,JEWELRY
549,soleil,9401.0,JEWELRY
550,sollbergers,155.0,JEWELRY
551,solo,13356.0,JEWELRY
552,somers,80000.0,JEWELRY
553,somor,9401.0,JEWELRY
554,sorrelli,2244.0,JEWELRY
555,spark,790490.0,JEWELRY
556,spb,94010.0,JEWELRY
557,speechlust,695.0,JEWELRY
558,stauer,387214.0,JEWELRY
559,storm,,JEWELRY
560,stuller,726027.0,JEWELRY
561,swarovski,3165925.0,JEWELRY
562,swatch,162395.0,JEWELRY
563,sylvie,671858.0,JEWELRY
564,szor,746.0,JEWELRY
565,tacori,15610182.0,JEWELRY
566,taj,10579.0,JEWELRY
567,takat,229343.0,JEWELRY
568,takohl,161870.0,JEWELRY
569,tateossian,42000.0,JEWELRY
570,technaoro,11940.0,JEWELRY
571,teno,23182.0,JEWELRY
572,tenoara,,JEWELRY
573,thorsten,72867.0,JEWELRY
574,tiffany,21668461.0,JEWELRY
575,titanium,140663.0,JEWELRY
576,tous,1529108.0,JEWELRY
577,tribes,,JEWELRY
578,triton,47195.0,JEWELRY
579,tritonraw,2539.0,JEWELRY
580,trollbeads,28752.0,JEWELRY
581,twogether,5087.0,JEWELRY
582,unavelo,28203.0,JEWELRY
583,uneek,5705.0,JEWELRY
584,uni,6900.0,JEWELRY
585,valentino,320544.0,JEWELRY
586,valina,1069.0,JEWELRY
587,vantani,,JEWELRY
588,vendorafa,120405.0,JEWELRY
589,verdura,1172243.0,JEWELRY
590,verragio,323340.0,JEWELRY
591,versace,2727.0,JEWELRY
592,vhernier,1870751.0,JEWELRY
593,vicenza,18239.0,JEWELRY
594,victoria,4800.0,JEWELRY
595,vivaan,,JEWELRY
596,wanderer,8686.0,JEWELRY
597,wellendorff,4191.0,JEWELRY
598,wlc,9401.0,JEWELRY
599,wolf,4608.0,JEWELRY
600,ych,8462.0,JEWELRY
601,yvel,596520.0,JEWELRY
602,zanggarts,,JEWELRY
603,zeeba,5000.0,JEWELRY
604,zeghani,3080.0,JEWELRY
605,zen,102740.0,JEWELRY
606,zenger,27267.0,JEWELRY
607,zenove,11001.0,JEWELRY
608,ziggit,907.0,JEWELRY
609,zorrata,11584.0,JEWELRY
610,zydo,3082.0,JEWELRY
611,axe,480765.0,MEN_HAIRCARE
612,clash,9001.0,MEN_HAIRCARE
613,cremo,34817.0,MEN_HAIRCARE
614,fish,11767.0,MEN_HAIRCARE
615,fisticuffs,179.0,MEN_HAIRCARE
616,hilee,205.0,MEN_HAIRCARE
617,jax,6672.0,MEN_HAIRCARE
618,kiehls,7397.0,MEN_HAIRCARE
619,murrays,6512.0,MEN_HAIRCARE
620,rogaine,9489.0,MEN_HAIRCARE
621,contenders,270.0,MEN_UNDERWEAR
622,dailyjocks,3222.0,MEN_UNDERWEAR
623,diesel,36170.0,MEN_UNDERWEAR
624,eroix,,MEN_UNDERWEAR
625,frigo,5314515.0,MEN_UNDERWEAR
626,guess,475640.0,MEN_UNDERWEAR
627,hanes,884669.0,MEN_UNDERWEAR
628,jockey,5925223.0,MEN_UNDERWEAR
629,mypakage,2894.0,MEN_UNDERWEAR
630,pump,73.0,MEN_UNDERWEAR
631,saxx,60151.0,MEN_UNDERWEAR
632,sheath,6254.0,MEN_UNDERWEAR
633,spanx,123.0,MEN_UNDERWEAR
634,stance,4614.0,MEN_UNDERWEAR
635,tani,8712.0,MEN_UNDERWEAR
636,ufm,481.0,MEN_UNDERWEAR
637,wolsey,,MEN_UNDERWEAR
638,aeroprecision,23507.0,MILITARY
639,airbus,45911.0,MILITARY
640,austal,9660.0,MILITARY
641,barracuda,1481.0,MILITARY
642,barrett,1653.0,MILITARY
643,battelle,1351.0,MILITARY
644,boecore,1098.0,MILITARY
645,boeing,231074.0,MILITARY
646,cobham,1227.0,MILITARY
647,dsei,,MILITARY
648,embraer,8931.0,MILITARY
649,esw,5200.0,MILITARY
650,honeywell,9883.0,MILITARY
651,iai,29898.0,MILITARY
652,mbda,,MILITARY
653,mtu,237400.0,MILITARY
654,oshkosh,330.0,MILITARY
655,rafael,,MILITARY
656,raytheon,139831.0,MILITARY
657,revision,,MILITARY
658,skedco,3241.0,MILITARY
659,snc,,MILITARY
660,src,,MILITARY
661,textron,137134.0,MILITARY
662,aaladin,1870.0,POWER_TOOLS
663,accuquilt,1376.0,POWER_TOOLS
664,acdelco,21203.0,POWER_TOOLS
665,acradyne,4649.0,POWER_TOOLS
666,aircat,156895.0,POWER_TOOLS
667,airvantage,80172.0,POWER_TOOLS
668,alemite,25444.0,POWER_TOOLS
669,armorthane,13781.0,POWER_TOOLS
670,armstrong,13502.0,POWER_TOOLS
671,arrow,387.0,POWER_TOOLS
672,aven,7668.0,POWER_TOOLS
673,bartell,9615.0,POWER_TOOLS
674,bernzomatic,5651.0,POWER_TOOLS
675,bessey,,POWER_TOOLS
676,bikemaster,,POWER_TOOLS
677,biteharder,1014.0,POWER_TOOLS
678,bosch,171289.0,POWER_TOOLS
679,bostitch,371.0,POWER_TOOLS
680,bowclamp,44100.0,POWER_TOOLS
681,bowtie,646.0,POWER_TOOLS
682,bristol,1029.0,POWER_TOOLS
683,central,22265.0,POWER_TOOLS
684,channellock,5610899.0,POWER_TOOLS
685,cleco,3163.0,POWER_TOOLS
686,cmt,44100.0,POWER_TOOLS
687,craftsman,2650625.0,POWER_TOOLS
688,crescent,227760.0,POWER_TOOLS
689,daetwyler,6400.0,POWER_TOOLS
690,deckwise,12476.0,POWER_TOOLS
691,delta,176512.0,POWER_TOOLS
692,dentfix,175655.0,POWER_TOOLS
693,detro,8351.0,POWER_TOOLS
694,dewalt,542821.0,POWER_TOOLS
695,diablo,51916.0,POWER_TOOLS
696,dowelmax,168225.0,POWER_TOOLS
697,dr,66143.0,POWER_TOOLS
698,dremel,39943.0,POWER_TOOLS
699,duragrit,,POWER_TOOLS
700,dynablast,5020.0,POWER_TOOLS
701,dynabrade,2924.0,POWER_TOOLS
702,eastwood,433215.0,POWER_TOOLS
703,echo,11760.0,POWER_TOOLS
704,edco,63902.0,POWER_TOOLS
705,equalizer,16301.0,POWER_TOOLS
706,ernst,95418.0,POWER_TOOLS
707,estwing,2572.0,POWER_TOOLS
708,eversharp,142.0,POWER_TOOLS
709,exair,25063.0,POWER_TOOLS
710,ezwoodshop,,POWER_TOOLS
711,festool,963656.0,POWER_TOOLS
712,fieldpiece,1248.0,POWER_TOOLS
713,fiskars,171.0,POWER_TOOLS
714,flexisander,,POWER_TOOLS
715,forrest,199122.0,POWER_TOOLS
716,freud,670889.0,POWER_TOOLS
717,gearwrench,206048.0,POWER_TOOLS
718,gema,20139.0,POWER_TOOLS
719,generac,28722.0,POWER_TOOLS
720,general,75531.0,POWER_TOOLS
721,gomaco,127476.0,POWER_TOOLS
722,goodson,,POWER_TOOLS
723,goodway,5817.0,POWER_TOOLS
724,grabit,163.0,POWER_TOOLS
725,grainger,475249.0,POWER_TOOLS
726,greenworks,304.0,POWER_TOOLS
727,grex,44100.0,POWER_TOOLS
728,handibot,,POWER_TOOLS
729,hastings,69253.0,POWER_TOOLS
730,heck,596.0,POWER_TOOLS
731,hillman,12355.0,POWER_TOOLS
732,hilmor,1058.0,POWER_TOOLS
733,hilti,10190.0,POWER_TOOLS
734,hitachi,26575.0,POWER_TOOLS
735,hollymatic,6688.0,POWER_TOOLS
736,homak,568383.0,POWER_TOOLS
737,husky,6647.0,POWER_TOOLS
738,husqvarna,193955.0,POWER_TOOLS
739,hutchins,5011.0,POWER_TOOLS
740,hyde,50836.0,POWER_TOOLS
741,hytorc,64050.0,POWER_TOOLS
742,ics,82025.0,POWER_TOOLS
743,igus,3223.0,POWER_TOOLS
744,ipa,106603.0,POWER_TOOLS
745,irwin,213798.0,POWER_TOOLS
746,jawhorse,,POWER_TOOLS
747,jet,8938.0,POWER_TOOLS
748,jonsered,1437.0,POWER_TOOLS
749,karcher,68736.0,POWER_TOOLS
750,kershaw,2328.0,POWER_TOOLS
751,kett,31273.0,POWER_TOOLS
752,keysco,8351.0,POWER_TOOLS
753,klein,7422.0,POWER_TOOLS
754,knipex,233237.0,POWER_TOOLS
755,kraft,7798.0,POWER_TOOLS
756,kreg,10105748.0,POWER_TOOLS
757,kwikstand,2339.0,POWER_TOOLS
758,lackmond,51194.0,POWER_TOOLS
759,landa,95.0,POWER_TOOLS
760,leatherman,1555173.0,POWER_TOOLS
761,lenox,400801.0,POWER_TOOLS
762,lincoln,25444.0,POWER_TOOLS
763,lisle,146308.0,POWER_TOOLS
764,logox,897.0,POWER_TOOLS
765,magnatech,1372.0,POWER_TOOLS
766,makita,481092.0,POWER_TOOLS
767,malco,26244.0,POWER_TOOLS
768,marshalltown,,POWER_TOOLS
769,martin,10022.0,POWER_TOOLS
770,matco,43537.0,POWER_TOOLS
771,mattei,,POWER_TOOLS
772,max,233517.0,POWER_TOOLS
773,maxus,16385.0,POWER_TOOLS
774,mayhew,46647.0,POWER_TOOLS
775,milwaukee,45459.0,POWER_TOOLS
776,mitek,5584.0,POWER_TOOLS
777,monster,21203.0,POWER_TOOLS
778,monti,12722.0,POWER_TOOLS
779,mound,11805.0,POWER_TOOLS
780,mountain,12722.0,POWER_TOOLS
781,mountainwasher,,POWER_TOOLS
782,multiplaz,,POWER_TOOLS
783,multiquip,47260.0,POWER_TOOLS
784,muro,3976.0,POWER_TOOLS
785,mychanic,973.0,POWER_TOOLS
786,norbar,54599.0,POWER_TOOLS
787,norton,15285.0,POWER_TOOLS
788,norwood,156.0,POWER_TOOLS
789,olfa,61137.0,POWER_TOOLS
790,otc,64045.0,POWER_TOOLS
791,pace,1988.0,POWER_TOOLS
792,paslode,10390.0,POWER_TOOLS
793,pelican,,POWER_TOOLS
794,pem,33514.0,POWER_TOOLS
795,penn,43847.0,POWER_TOOLS
796,pensimple,3102.0,POWER_TOOLS
797,pexgun,154.0,POWER_TOOLS
798,phc,15932.0,POWER_TOOLS
799,plasmacam,3407581.0,POWER_TOOLS
800,powerbuilt,890.0,POWER_TOOLS
801,powerluber,25444.0,POWER_TOOLS
802,powershot,113.0,POWER_TOOLS
803,preval,12983.0,POWER_TOOLS
804,primedge,133264.0,POWER_TOOLS
805,prorule,375.0,POWER_TOOLS
806,proto,17391.0,POWER_TOOLS
807,rapidrill,,POWER_TOOLS
808,ridgid,1174960.0,POWER_TOOLS
809,rigid,12990.0,POWER_TOOLS
810,rockwell,158603.0,POWER_TOOLS
811,roemheld,11281.0,POWER_TOOLS
812,rossi,,POWER_TOOLS
813,rotozip,7582.0,POWER_TOOLS
814,ryobi,12515.0,POWER_TOOLS
815,sata,152903.0,POWER_TOOLS
816,sawstop,162310.0,POWER_TOOLS
817,schaeffler,2171.0,POWER_TOOLS
818,schrade,47190.0,POWER_TOOLS
819,shark,25056.0,POWER_TOOLS
820,shindaiwa,47882.0,POWER_TOOLS
821,sk,30613.0,POWER_TOOLS
822,skil,40015.0,POWER_TOOLS
823,sog,935681.0,POWER_TOOLS
824,southwire,26321.0,POWER_TOOLS
825,sparky,,POWER_TOOLS
826,spx,7442.0,POWER_TOOLS
827,spyder,,POWER_TOOLS
828,stanley,114335.0,POWER_TOOLS
829,starrett,15897.0,POWER_TOOLS
830,steck,135463.0,POWER_TOOLS
831,stihl,37930658.0,POWER_TOOLS
832,studbuddy,,POWER_TOOLS
833,stuller,,POWER_TOOLS
834,sunjoe,160.0,POWER_TOOLS
835,tapebuddy,1152.0,POWER_TOOLS
836,tekton,26875.0,POWER_TOOLS
837,terrco,,POWER_TOOLS
838,trigjig,,POWER_TOOLS
839,triton,248874.0,POWER_TOOLS
840,unicam,9832.0,POWER_TOOLS
841,vallorbe,,POWER_TOOLS
842,versatility,9278.0,POWER_TOOLS
843,victorinox,26159.0,POWER_TOOLS
844,wachs,7442.0,POWER_TOOLS
845,wagner,5376.0,POWER_TOOLS
846,westcott,1389.0,POWER_TOOLS
847,wiss,29216.0,POWER_TOOLS
848,wolff,30330.0,POWER_TOOLS
849,woodcraft,10249.0,POWER_TOOLS
850,woodhaven,2494.0,POWER_TOOLS
851,worx,217377.0,POWER_TOOLS
852,yamaha,736.0,POWER_TOOLS
853,zago,,POWER_TOOLS
854,advueu,25200.0,TELEVISIONS
855,clearview,,TELEVISIONS
856,dealertv,52378.0,TELEVISIONS
857,element,4531691.0,TELEVISIONS
858,ericsson,18927.0,TELEVISIONS
859,hisense,1218631.0,TELEVISIONS
860,lg,25104620.0,TELEVISIONS
861,panasonic,65436.0,TELEVISIONS
862,philips,647038.0,TELEVISIONS
863,pioneer,6528.0,TELEVISIONS
864,planar,5626.0,TELEVISIONS
865,rca,36782.0,TELEVISIONS
866,samsung,40933658.0,TELEVISIONS
867,seiki,13072.0,TELEVISIONS
868,sharp,96645.0,TELEVISIONS
869,skyvue,46522.0,TELEVISIONS
870,sony,62837.0,TELEVISIONS
871,sunbritetv,9065.0,TELEVISIONS
872,sylvania,22500.0,TELEVISIONS
873,tcl,284342.0,TELEVISIONS
874,toshiba,,TELEVISIONS
875,viewsonic,53505.0,TELEVISIONS
876,vizio,5213496.0,TELEVISIONS
877,westinghouse,259778.0,TELEVISIONS
878,adi,2210.0,WATCHES
879,adidas,522.0,WATCHES
880,alor,90093.0,WATCHES
881,alpina,45174.0,WATCHES
882,anonimo,123200.0,WATCHES
883,arbutus,171.0,WATCHES
884,armitron,,WATCHES
885,armogan,1045.0,WATCHES
886,azad,0.0,WATCHES
887,ball,43850.0,WATCHES
888,belair,19463.0,WATCHES
889,belkin,12043.0,WATCHES
890,benrus,13071.0,WATCHES
891,bering,52703.0,WATCHES
892,bianci,,WATCHES
893,bijan,266657.0,WATCHES
894,blancpain,30661.0,WATCHES
895,boccia,152.0,WATCHES
896,bomberg,187637.0,WATCHES
897,bovet,561507.0,WATCHES
898,boyard,,WATCHES
899,brathwait,3469.0,WATCHES
900,breda,693.0,WATCHES
901,breguet,258875.0,WATCHES
902,breitling,1126378.0,WATCHES
903,bremont,,WATCHES
904,buler,192.0,WATCHES
905,bulgari,109358.0,WATCHES
906,bulova,6677832.0,WATCHES
907,buoyy,3288.0,WATCHES
908,butler,,WATCHES
909,cadence,718.0,WATCHES
910,caravelle,4501.0,WATCHES
911,cartier,891829.0,WATCHES
912,casio,143811.0,WATCHES
913,charriol,78800.0,WATCHES
914,chopard,23860.0,WATCHES
915,chronoswiss,,WATCHES
916,citizen,1690662.0,WATCHES
917,coach,6670.0,WATCHES
918,converse,522.0,WATCHES
919,cortese,578.0,WATCHES
920,corum,73526.0,WATCHES
921,cromwell,264.0,WATCHES
922,dewitt,38952.0,WATCHES
923,didofa,,WATCHES
924,diesel,621.0,WATCHES
925,dior,309588.0,WATCHES
926,eone,11995.0,WATCHES
927,erroyl,1086.0,WATCHES
928,eterna,1914.0,WATCHES
929,faberge,26166.0,WATCHES
930,fendi,13653.0,WATCHES
931,fifth,1213.0,WATCHES
932,fiyta,,WATCHES
933,fossil,5578334.0,WATCHES
934,freestyle,42291.0,WATCHES
935,gamiss,73.0,WATCHES
936,garmin,98208.0,WATCHES
937,glashutte,44112.0,WATCHES
938,graff,66055.0,WATCHES
939,graham,14915.0,WATCHES
940,greyhours,672.0,WATCHES
941,gucci,526977.0,WATCHES
942,guess,222094.0,WATCHES
943,hamilton,862907.0,WATCHES
944,havana,119.0,WATCHES
945,hermes,1353634.0,WATCHES
946,huawei,240472.0,WATCHES
947,hublot,140840.0,WATCHES
948,hypergrand,224.0,WATCHES
949,hyt,107.0,WATCHES
950,ibeat,5046.0,WATCHES
951,invicta,164182.0,WATCHES
952,jord,10036.0,WATCHES
953,kompass,,WATCHES
954,kronaby,4398.0,WATCHES
955,kyboe,71002.0,WATCHES
956,lacoste,,WATCHES
957,lapizta,1924.0,WATCHES
958,longines,6126933.0,WATCHES
959,luminox,23031.0,WATCHES
960,lunowear,,WATCHES
961,martenero,196.0,WATCHES
962,marvin,30800.0,WATCHES
963,medota,120.0,WATCHES
964,megir,268.0,WATCHES
965,meridio,22734.0,WATCHES
966,michele,2154653.0,WATCHES
967,mido,53948.0,WATCHES
968,mistura,923.0,WATCHES
969,montblanc,10121.0,WATCHES
970,movado,598902.0,WATCHES
971,mtm,11697.0,WATCHES
972,mulco,50258.0,WATCHES
973,mvmt,379908.0,WATCHES
974,nacken,6889.0,WATCHES
975,naviforce,,WATCHES
976,neita,6450.0,WATCHES
977,newgate,129.0,WATCHES
978,nike,,WATCHES
979,nite,12798.0,WATCHES
980,nixon,262127.0,WATCHES
981,nomad,9544.0,WATCHES
982,oleksynprannyk,291.0,WATCHES
983,olio,66705.0,WATCHES
984,omega,3327479.0,WATCHES
985,orient,20752.0,WATCHES
986,oris,757216.0,WATCHES
987,pagare,,WATCHES
988,panerai,51197.0,WATCHES
989,peugeot,173800.0,WATCHES
990,phillips,26383.0,WATCHES
991,piaget,68682.0,WATCHES
992,picono,1846.0,WATCHES
993,polar,308.0,WATCHES
994,pulsar,332499.0,WATCHES
995,rado,14320.0,WATCHES
996,rapport,544.0,WATCHES
997,reactor,921.0,WATCHES
998,revival,95.0,WATCHES
999,ritot,10919.0,WATCHES
1000,rockwell,50.0,WATCHES
1001,rolex,27884105.0,WATCHES
1002,rosefield,920.0,WATCHES
1003,rosemont,,WATCHES
1004,royalmarine,,WATCHES
1005,seiko,777869.0,WATCHES
1006,sevenfriday,78940.0,WATCHES
1007,shark,,WATCHES
1008,shinola,3072638.0,WATCHES
1009,sisu,25821.0,WATCHES
1010,skagen,207738.0,WATCHES
1011,slow,48605.0,WATCHES
1012,stauer,282546.0,WATCHES
1013,suunto,53742.0,WATCHES
1014,svstem,,WATCHES
1015,swarovski,25529.0,WATCHES
1016,swatch,1778417.0,WATCHES
1017,swiss,102.0,WATCHES
1018,swisstime,,WATCHES
1019,szanto,99594.0,WATCHES
1020,tayroc,173.0,WATCHES
1021,technomarine,301838.0,WATCHES
1022,teno,23721.0,WATCHES
1023,tense,200.0,WATCHES
1024,tiffany,108128.0,WATCHES
1025,timex,1124967.0,WATCHES
1026,tissot,14482811.0,WATCHES
1027,titan,643.0,WATCHES
1028,toptiertimer,,WATCHES
1029,torgoen,401.0,WATCHES
1030,triarrows,1715.0,WATCHES
1031,truwood,,WATCHES
1032,tudor,585028.0,WATCHES
1033,versace,3086.0,WATCHES
1034,victorinox,,WATCHES
1035,void,204.0,WATCHES
1036,wewood,906.0,WATCHES
1037,withings,34313.0,WATCHES
1038,wolf,456.0,WATCHES
1039,wryst,,WATCHES
1040,xetum,962.0,WATCHES
1041,yes,8165.0,WATCHES
1042,zenith,159183.0,WATCHES
1043,adea,117.0,WOMENS_UNDERWEAR
1044,aerie,2402946.0,WOMENS_UNDERWEAR
1045,confitex,,WOMENS_UNDERWEAR
1046,foxers,76.0,WOMENS_UNDERWEAR
1047,guess,325652.0,WOMENS_UNDERWEAR
1048,hanes,213461.0,WOMENS_UNDERWEAR
1049,hanro,199.0,WOMENS_UNDERWEAR
1050,intimissimi,2220.0,WOMENS_UNDERWEAR
1051,knixteen,,WOMENS_UNDERWEAR
1052,knixwear,5570.0,WOMENS_UNDERWEAR
1053,leonisa,1241.0,WOMENS_UNDERWEAR
1054,natori,91.0,WOMENS_UNDERWEAR
1055,oscalito,65.0,WOMENS_UNDERWEAR
1056,sokoloff,,WOMENS_UNDERWEAR
1057,soma,4500.0,WOMENS_UNDERWEAR
1058,tani,551.0,WOMENS_UNDERWEAR
1059,thinx,1178691.0,WOMENS_UNDERWEAR
1060,tomboyx,,WOMENS_UNDERWEAR
1061,valentine,730.0,WOMENS_UNDERWEAR
1062,warners,55109.0,WOMENS_UNDERWEAR
1063,breyers,,YOGURT
1064,cabot,260.0,YOGURT
1065,cacique,2832.0,YOGURT
1066,chobani,20370507.0,YOGURT
1067,clover,20.0,YOGURT
1068,cocobella,,YOGURT
1069,dannon,10255956.0,YOGURT
1070,danone,41183.0,YOGURT
1071,danonino,186906.0,YOGURT
1072,ehrmann,56500.0,YOGURT
1073,ellenos,782.0,YOGURT
1074,kabrita,131.0,YOGURT
1075,lala,18266961.0,YOGURT
1076,liberte,713.0,YOGURT
1077,muller,,YOGURT
1078,nancys,13523.0,YOGURT
1079,noosa,3223291.0,YOGURT
1080,siggis,674017.0,YOGURT
1081,silk,10320.0,YOGURT
1082,tillamook,90543.0,YOGURT
1083,tnuva,214545.0,YOGURT
1084,yoatz,8828.0,YOGURT
1085,yopa,903.0,YOGURT
1086,yoplait,103039403.0,YOGURT
